1,5,2025-04-10T17:07:07.1640760Z
1,22,2025-04-10T20:33:49.7133830Z
1,7,2025-04-10T20:36:54.7843270Z
1,-10,2025-04-10T20:48:25.9005740Z
1,-9,2025-04-10T20:48:29.8783340Z
1,7,2025-04-10T20:51:31.3566990Z
1,13,2025-04-10T20:51:39.5938340Z
1,-8,2025-04-10T20:52:11.4079050Z
1,18,2025-04-10T21:07:53.4245570Z
1,7,2025-04-10T21:16:02.3128320Z
Wavy1,22,2025-04-10T21:22:52.4369270Z
Wavy1,9,2025-04-10T21:24:07.7873150Z
Wavy1,27,2025-04-10T21:24:33.5958830Z
Wavy1,15,2025-04-10T21:26:50.4397200Z
Wavy1,27,2025-04-10T21:29:22.0568520Z
Wavy1,11,2025-04-10T21:30:39.3367820Z
Wavy1,4,2025-04-10T21:31:06.4859390Z
Wavy1,6,2025-04-10T21:55:19.0028360Z
Wavy1,21,2025-04-11T18:21:43.4351030Z
Wavy1,34,2025-04-11T18:30:45.6052930Z
Wavy1,3,2025-04-11T18:32:59.7904590Z
Wavy1,12,2025-04-11T18:33:20.3313380Z
Wavy1,21,2025-04-11T18:35:19.8321750Z
Wavy1,3,2025-04-11T20:00:11.8132970Z
Wavy1,9,2025-04-11T20:00:18.9751810Z
Wavy1,11,2025-04-11T20:01:44.5092600Z
Wavy1,11,2025-04-11T20:01:47.5134030Z
Wavy1,11,2025-04-11T20:02:10.5197580Z
Wavy1,11,2025-04-11T20:02:33.5254500Z
Wavy1,11,2025-04-11T20:02:56.5336310Z
Wavy1,28,2025-04-11T20:03:20.1424940Z
Wavy1,28,2025-04-11T20:03:23.1488610Z
Wavy1,9,2025-04-11T20:03:43.6926070Z
Wavy1,9,2025-04-11T20:04:26.7058060Z
Wavy1,15,2025-04-11T20:06:08.1624610Z
Wavy1,15,2025-04-11T20:06:11.1732470Z
Wavy1,23,2025-04-11T20:53:49.6263230Z
Wavy1,24,2025-04-11T20:54:16.0906150Z
Wavy1,20,2025-04-11T20:54:20.4111710Z
Wavy1,30,2025-04-11T20:54:21.2804430Z
Wavy1,2,2025-04-11T20:54:22.6732420Z
Wavy1,31,2025-04-11T20:54:38.0971590Z
Wavy1,39,2025-04-11T20:58:11.6039600Z
Wavy1,39,2025-04-11T20:58:56.8086260Z
Wavy1,24,2025-04-11T21:03:35.4738240Z
Wavy1,24,2025-04-11T21:03:51.5971370Z
Wavy1,8,2025-04-11T21:03:51.5992540Z
Wavy1,24,2025-04-11T21:06:39.6891720Z
Wavy1,24,2025-04-11T21:34:17.8630710Z
Wavy1,18,2025-04-11T21:36:02.8303920Z
Wavy1,34,2025-04-11T21:36:59.5846770Z
Wavy1,5,2025-04-11T21:37:22.3163410Z
Wavy1,39,2025-04-11T21:40:49.7220970Z
Wavy1,39,2025-04-11T21:42:33.2485260Z
Wavy1,5,2025-04-11T21:42:33.2514920Z
Wavy1,7,2025-04-11T21:42:33.2521100Z
Wavy1,39,2025-04-11T21:43:58.6362920Z
Wavy1,5,2025-04-11T21:43:58.6428390Z
Wavy1,7,2025-04-11T21:43:58.6436310Z
Wavy1,-8,2025-04-11T21:43:58.6443400Z
Wavy1,33,2025-04-11T21:43:58.6450860Z
Wavy1,39,2025-04-11T21:44:11.9667660Z
Wavy1,5,2025-04-11T21:44:11.9689020Z
Wavy1,7,2025-04-11T21:44:11.9703780Z
Wavy1,-8,2025-04-11T21:44:11.9711610Z
Wavy1,33,2025-04-11T21:44:11.9719160Z
Wavy1,5,2025-04-11T21:44:11.9726790Z
Wavy1,28,2025-04-11T21:44:51.4493520Z
Wavy1,23,2025-04-11T21:45:12.1142640Z
Wavy1,21,2025-04-11T21:46:01.2745560Z
Wavy1,21,2025-04-11T21:46:08.8140440Z
Wavy1,38,2025-04-11T21:46:16.0663820Z
Wavy1,38,2025-04-11T21:46:32.8802260Z
Wavy1,35,2025-04-11T21:46:32.8874660Z
Wavy1,24,2025-04-11T21:47:02.5421610Z
Wavy1,10,2025-04-11T21:47:03.2854290Z
Wavy1,25,2025-04-11T21:49:08.4402290Z
Wavy1,25,2025-04-11T21:49:11.4476450Z
Wavy1,25,2025-04-11T21:49:34.4607710Z
Wavy1,28,2025-04-11T21:52:13.2678380Z
Wavy1,29,2025-04-11T21:52:15.2278960Z
Wavy1,29,2025-04-11T21:52:38.2376760Z
Wavy1,29,2025-04-11T21:53:01.2437480Z
Wavy1,29,2025-04-11T21:53:24.2528200Z
Wavy1,21,2025-04-11T21:53:49.1623750Z
Wavy1,0,2025-04-11T21:53:50.3227880Z
Wavy1,39,2025-04-11T21:53:50.8859860Z
Wavy1,-1,2025-04-11T21:53:52.8503650Z
Wavy1,15,2025-04-11T21:53:54.1703490Z
Wavy1,9,2025-04-11T21:57:45.1187440Z
Wavy1,8,2025-04-12T08:15:28.6323180Z
Wavy1,25,2025-04-12T08:15:55.8596240Z
Wavy1,12,2025-04-12T08:17:51.9377340Z
Wavy1,2,2025-04-12T08:17:54.3982910Z
Wavy1,18,2025-04-12T08:17:54.8932560Z
Wavy1,8,2025-04-12T08:17:55.2924610Z
Wavy1,39,2025-04-12T08:19:10.8901030Z
Wavy1,10,2025-04-12T08:19:14.7322050Z
Wavy1,1,2025-04-12T08:19:23.6327000Z
Wavy1,9,2025-04-12T08:19:24.3276000Z
Wavy1,18,2025-04-12T08:19:24.5993800Z
Wavy1,8,2025-04-12T08:19:24.8578110Z
Wavy1,15,2025-04-12T08:19:25.0962320Z
Wavy1,20,2025-04-12T08:19:25.2877510Z
Wavy1,3,2025-04-12T08:19:25.4444650Z
Wavy1,13,2025-04-12T08:19:45.5862080Z
Wavy1,8,2025-04-12T08:19:45.5874640Z
Wavy1,18,2025-04-12T08:19:45.5880750Z
Wavy1,24,2025-04-12T08:21:00.9255920Z
Wavy1,29,2025-04-12T08:21:00.9316210Z
Wavy1,10,2025-04-12T08:21:05.4388920Z
Wavy1,31,2025-04-12T08:21:06.1787710Z
Wavy1,39,2025-04-12T08:21:26.5452530Z
Wavy1,39,2025-04-12T08:22:33.2411380Z
Wavy1,14,2025-04-12T08:22:37.8776340Z
Wavy1,29,2025-04-12T08:22:39.1021810Z
Wavy1,37,2025-04-12T08:22:39.7019070Z
Wavy1,16,2025-04-12T08:22:40.2380350Z
Wavy1,30,2025-04-12T08:22:40.6832500Z
Wavy1,16,2025-04-12T08:23:50.2237020Z
Wavy1,38,2025-04-12T08:28:21.7779660Z
Wavy1,7,2025-04-12T08:28:22.8656320Z
Wavy1,10,2025-04-12T08:28:23.6605360Z
Wavy1,-6,2025-04-12T08:28:24.2216510Z
Wavy1,4,2025-04-12T08:28:24.8184010Z
Wavy1,36,2025-04-12T08:28:25.2264190Z
Wavy1,14,2025-04-12T08:28:25.6132010Z
Wavy1,2,2025-04-12T08:28:25.9249210Z
Wavy1,10,2025-04-12T08:28:26.2426400Z
Wavy1,31,2025-04-12T08:28:26.5593980Z
Wavy1,2,2025-04-12T08:28:26.8653590Z
Wavy1,-10,2025-04-12T08:28:27.1764000Z
Wavy1,13,2025-04-12T08:28:27.4359840Z
Wavy1,36,2025-04-12T08:28:27.7387110Z
Wavy1,33,2025-04-12T08:29:37.0439150Z
Wavy1,19,2025-04-12T08:52:37.9371700Z
Wavy1,4,2025-04-12T08:58:43.6041540Z
Wavy1,20,2025-04-12T08:58:46.5976920Z
Wavy1,-5,2025-04-12T08:58:48.3372730Z
Wavy1,5,2025-04-12T08:58:49.1403570Z
Wavy1,21,2025-04-12T08:58:49.7071960Z
Wavy1,-3,2025-04-12T08:58:50.3306820Z
Wavy1,25,2025-04-12T08:58:51.0274080Z
Wavy1,3,2025-04-12T08:58:51.6767090Z
Wavy1,13,2025-04-12T08:58:52.2968320Z
Wavy1,-4,2025-04-12T08:58:52.8905540Z
Wavy1,-4,2025-04-12T08:58:53.4357990Z
Wavy1,23,2025-04-12T09:00:44.5583310Z
Wavy1,7,2025-04-12T09:00:46.0857760Z
Wavy1,23,2025-04-12T09:00:48.1908830Z
Wavy1,13,2025-04-12T09:00:49.9279700Z
Wavy1,23,2025-04-12T09:00:51.4179050Z
Wavy1,-5,2025-04-12T09:00:51.9181990Z
Wavy1,0,2025-04-12T09:00:52.1621970Z
Wavy1,-10,2025-04-12T09:00:52.6408550Z
Wavy1,16,2025-04-12T09:00:53.3713230Z
Wavy1,15,2025-04-12T09:00:54.1532720Z
Wavy1,14,2025-04-12T09:00:56.2469800Z
Wavy1,33,2025-04-12T09:00:56.4405350Z
Wavy1,-1,2025-04-12T09:00:56.5912180Z
Wavy1,21,2025-04-12T09:00:56.7671410Z
Wavy1,35,2025-04-12T09:00:56.9111150Z
Wavy1,12,2025-04-12T09:00:57.0822760Z
Wavy1,17,2025-04-12T09:00:57.4029000Z
Wavy1,-10,2025-04-12T09:00:57.5463930Z
Wavy1,18,2025-04-12T09:00:57.6782380Z
Wavy1,1,2025-04-12T09:02:07.2708020Z
Wavy1,22,2025-04-12T09:05:44.6562530Z
Wavy1,-4,2025-04-12T09:05:48.2289450Z
Wavy1,24,2025-04-12T09:05:49.5544110Z
Wavy1,17,2025-04-12T09:05:50.6948500Z
Wavy1,-9,2025-04-12T09:05:53.2550720Z
Wavy1,20,2025-04-12T09:06:25.8812890Z
Wavy1,37,2025-04-12T09:06:32.5940950Z
Wavy1,7,2025-04-12T09:06:33.2072720Z
Wavy1,10,2025-04-12T09:06:33.6163630Z
Wavy1,-2,2025-04-12T09:06:33.9632860Z
Wavy1,20,2025-04-12T09:06:34.3036510Z
Wavy1,30,2025-04-12T09:06:34.6319220Z
Wavy1,15,2025-04-12T09:06:34.9221670Z
Wavy1,19,2025-04-12T09:06:35.2414130Z
Wavy1,32,2025-04-12T09:06:35.5119260Z
Wavy1,24,2025-04-12T09:06:35.7845950Z
Wavy1,6,2025-04-12T09:06:36.0408970Z
Wavy1,39,2025-04-12T09:06:36.2773070Z
Wavy1,33,2025-04-12T09:06:36.5336860Z
Wavy1,23,2025-04-12T09:06:36.9715270Z
Wavy1,-3,2025-04-12T09:06:37.2061560Z
Wavy1,17,2025-04-12T09:06:37.4619900Z
Wavy1,38,2025-04-12T09:06:37.6745590Z
Wavy1,16,2025-04-12T09:06:37.8723620Z
Wavy1,15,2025-04-12T09:06:38.1082580Z
Wavy1,-3,2025-04-12T09:06:38.3084910Z
Wavy1,-3,2025-04-12T09:06:38.5273690Z
Wavy1,32,2025-04-12T09:06:38.7213080Z
Wavy1,-2,2025-04-12T09:06:38.9403300Z
Wavy1,4,2025-04-12T09:06:39.1308620Z
Wavy1,19,2025-04-12T09:06:39.3472100Z
Wavy1,-2,2025-04-12T09:06:39.5524920Z
Wavy1,14,2025-04-12T09:06:39.7631120Z
Wavy1,31,2025-04-12T09:06:40.1759330Z
Wavy1,16,2025-04-12T09:06:40.3776230Z
Wavy1,11,2025-04-12T09:06:40.6233970Z
Wavy1,18,2025-04-12T09:06:40.8324610Z
Wavy1,-6,2025-04-12T09:06:41.0325810Z
Wavy1,15,2025-04-12T09:06:41.3911590Z
Wavy1,30,2025-04-12T09:06:41.5254140Z
Wavy1,38,2025-04-12T09:06:41.6574570Z
Wavy1,-5,2025-04-12T09:06:41.7950380Z
Wavy1,0,2025-04-12T09:06:41.9285100Z
Wavy1,5,2025-04-12T09:06:42.0632580Z
Wavy1,15,2025-04-12T09:06:42.1973680Z
Wavy1,15,2025-04-12T09:06:42.4457700Z
Wavy1,10,2025-04-12T09:06:42.8312550Z
Wavy1,11,2025-04-12T09:06:42.9592750Z
Wavy1,14,2025-04-12T09:06:43.3127890Z
Wavy1,18,2025-04-12T09:06:43.4536130Z
Wavy1,-9,2025-04-12T09:06:43.9755930Z
Wavy1,21,2025-04-12T09:06:44.2869180Z
Wavy1,-5,2025-04-12T09:06:44.4251000Z
Wavy1,30,2025-04-12T09:06:44.5510200Z
Wavy1,36,2025-04-12T09:06:44.6724720Z
Wavy1,14,2025-04-12T09:06:45.1063280Z
Wavy1,7,2025-04-12T09:06:45.3716500Z
Wavy1,18,2025-04-12T09:06:45.4618810Z
Wavy1,-2,2025-04-12T09:06:45.8443100Z
Wavy1,14,2025-04-12T09:06:46.0799460Z
Wavy1,32,2025-04-12T09:07:09.4587390Z
Wavy1,16,2025-04-12T09:07:09.6091100Z
Wavy1,17,2025-04-12T09:07:09.9006320Z
Wavy1,0,2025-04-12T09:07:10.1805030Z
Wavy1,5,2025-04-12T09:07:30.1753760Z
Wavy1,0,2025-04-12T09:07:30.9611380Z
Wavy1,3,2025-04-12T09:07:31.1290410Z
Wavy1,30,2025-04-12T09:07:31.2694040Z
Wavy1,30,2025-04-12T09:07:31.4158880Z
Wavy1,25,2025-04-12T09:07:31.5646760Z
Wavy1,5,2025-04-12T09:07:31.7022300Z
Wavy1,-8,2025-04-12T09:07:31.8727390Z
Wavy1,9,2025-04-12T09:07:32.1706700Z
Wavy1,15,2025-04-12T09:07:32.3173880Z
Wavy1,-5,2025-04-12T09:07:32.4765160Z
Wavy1,25,2025-04-12T09:07:32.9001710Z
Wavy1,-3,2025-04-12T09:07:33.0375220Z
Wavy1,-6,2025-04-12T09:07:33.1651980Z
Wavy1,1,2025-04-12T09:07:33.2939670Z
Wavy1,19,2025-04-12T09:07:33.4331830Z
Wavy1,3,2025-04-12T09:07:33.5577610Z
Wavy1,36,2025-04-12T09:07:33.9003820Z
Wavy1,-5,2025-04-12T09:07:34.4404520Z
Wavy1,39,2025-04-12T09:07:34.5780340Z
Wavy1,28,2025-04-12T09:07:34.7096640Z
Wavy1,23,2025-04-12T09:07:34.8456330Z
Wavy1,35,2025-04-12T09:07:34.9903780Z
Wavy1,34,2025-04-12T09:07:35.1267170Z
Wavy1,17,2025-04-12T09:07:35.2654890Z
Wavy1,-1,2025-04-12T09:07:35.3887350Z
Wavy1,39,2025-04-12T09:07:35.5290160Z
Wavy1,6,2025-04-12T09:07:35.6610550Z
Wavy1,27,2025-04-12T09:07:35.7629610Z
Wavy1,-3,2025-04-12T09:07:36.0521620Z
Wavy1,13,2025-04-12T09:07:36.1864360Z
Wavy1,34,2025-04-12T09:07:36.5856180Z
Wavy1,-5,2025-04-12T09:07:36.7093480Z
Wavy1,36,2025-04-12T09:07:36.8578880Z
Wavy1,3,2025-04-12T09:07:36.9917370Z
Wavy1,7,2025-04-12T09:43:10.3946400Z
Wavy1,1,2025-04-12T09:45:45.8869030Z
Wavy1,1,2025-04-12T09:45:45.8913340Z
Wavy1,33,2025-04-12T09:45:46.8943800Z
Wavy1,7,2025-04-12T09:45:51.9054670Z
Wavy1,29,2025-04-12T09:45:56.9153260Z
Wavy1,7,2025-04-12T09:46:01.9241440Z
Wavy1,21,2025-04-12T09:46:06.9307600Z
Wavy1,19,2025-04-12T09:46:11.9381690Z
Wavy1,5,2025-04-12T09:46:16.9454710Z
Wavy1,17,2025-04-12T09:46:21.9514210Z
Wavy1,27,2025-04-12T09:46:26.9598140Z
Wavy1,-6,2025-04-12T09:46:31.9742210Z
Wavy1,9,2025-04-12T09:46:36.9881290Z
wavy2,-4,2025-04-12T09:46:39.8069650Z
Wavy1,-6,2025-04-12T09:46:42.0018990Z
wavy2,0,2025-04-12T09:46:44.8124290Z
Wavy1,1,2025-04-12T09:46:47.0103440Z
wavy2,-3,2025-04-12T09:46:49.8183780Z
Wavy1,12,2025-04-12T09:46:52.0256800Z
wavy2,29,2025-04-12T09:46:54.8254540Z
Wavy1,10,2025-04-12T09:46:57.0407920Z
wavy2,22,2025-04-12T09:46:59.8331780Z
Wavy1,22,2025-04-12T09:47:02.0525970Z
wavy2,11,2025-04-12T09:47:04.8444800Z
Wavy1,-5,2025-04-12T09:47:07.0648940Z
wavy2,1,2025-04-12T09:47:09.8590080Z
Wavy1,5,2025-04-12T09:47:12.0724260Z
wavy2,28,2025-04-12T09:47:14.8665330Z
Wavy1,0,2025-04-12T09:47:17.0801890Z
wavy2,14,2025-04-12T09:47:19.8796620Z
Wavy1,28,2025-04-12T09:47:22.0914090Z
wavy2,0,2025-04-12T09:47:24.8889720Z
Wavy1,23,2025-04-12T09:47:27.0992570Z
wavy2,18,2025-04-12T09:47:29.9017260Z
Wavy1,17,2025-04-12T09:47:32.1137190Z
wavy2,-7,2025-04-12T09:47:34.9131240Z
Wavy1,36,2025-04-12T09:47:37.1218090Z
wavy2,31,2025-04-12T09:47:39.9264550Z
Wavy1,12,2025-04-12T09:47:42.1335730Z
wavy2,26,2025-04-12T09:47:44.9366700Z
Wavy1,-6,2025-04-12T09:47:47.1392790Z
