1,96,2025-04-24T15:15:35.4214010Z
1,82,2025-04-24T15:15:40.4320040Z
1,29,2025-04-24T15:15:45.4416530Z
1,58,2025-04-24T15:15:50.4529340Z
1,89,2025-04-24T15:15:55.4688190Z
1,82,2025-04-24T15:16:00.4834810Z
1,90,2025-04-24T15:16:05.4977790Z
1,92,2025-04-24T15:16:10.5104420Z
1,63,2025-04-24T15:16:15.5190170Z
1,69,2025-04-24T15:16:20.5286240Z
1,85,2025-04-24T15:16:25.5369740Z
1,45,2025-04-24T15:16:30.5483030Z
1,14,2025-04-24T15:16:35.5651930Z
1,26,2025-04-24T15:16:40.5821390Z
1,23,2025-04-24T15:16:45.5951500Z
1,39,2025-04-24T15:16:50.6064530Z
1,96,2025-04-24T15:16:55.6187910Z
1,44,2025-04-24T15:17:00.6277510Z
1,52,2025-04-24T15:17:05.6395670Z
1,26,2025-04-24T15:17:10.6522800Z
1,41,2025-04-24T15:17:15.6593630Z
1,36,2025-04-24T15:17:20.6675730Z
1,32,2025-04-24T15:17:25.6755940Z
1,13,2025-04-24T15:17:30.6877410Z
1,35,2025-04-24T15:17:35.6993520Z
1,83,2025-04-24T15:17:40.7102750Z
1,18,2025-04-24T15:17:45.7223690Z
1,60,2025-04-24T15:17:50.7305940Z
1,95,2025-04-24T15:17:55.7410270Z
1,13,2025-04-24T15:18:00.7556110Z
1,33,2025-04-24T15:18:05.7674850Z
1,19,2025-04-24T15:18:10.7759420Z
1,50,2025-04-24T15:18:15.7845980Z
1,81,2025-04-24T15:18:20.7935980Z
1,96,2025-04-24T15:18:25.8048530Z
1,98,2025-04-24T15:18:30.8152900Z
1,50,2025-04-24T15:18:35.8255640Z
1,49,2025-04-24T15:18:40.8342100Z
1,5,2025-04-24T15:18:45.8446400Z
1,61,2025-04-24T15:18:50.8553390Z
1,53,2025-04-24T15:18:55.8637060Z
1,66,2025-04-24T15:19:00.8749150Z
1,58,2025-04-24T15:19:05.8921340Z
1,29,2025-04-24T15:19:10.9006720Z
1,62,2025-04-24T15:19:15.9079550Z
1,61,2025-04-24T15:19:20.9200350Z
1,49,2025-04-24T15:19:25.9340950Z
1,34,2025-04-24T15:19:30.9491400Z
1,61,2025-04-24T15:19:35.9639290Z
1,81,2025-04-24T15:19:40.9802970Z
1,13,2025-04-24T15:19:45.9932240Z
1,67,2025-04-24T15:19:51.0041890Z
1,15,2025-04-24T15:19:56.0143230Z
1,86,2025-04-24T15:20:01.0305780Z
1,63,2025-04-24T15:20:06.0423320Z
1,55,2025-04-24T15:20:11.0507770Z
1,63,2025-04-24T15:20:16.0587180Z
1,40,2025-04-24T15:20:20.0687420Z
1,37,2025-04-24T15:20:25.0817480Z
1,75,2025-04-24T15:20:30.0932730Z
1,45,2025-04-24T15:20:35.1044130Z
1,8,2025-04-24T15:20:40.1149900Z
1,97,2025-04-24T15:20:45.1265810Z
1,84,2025-04-24T15:20:50.1368450Z
1,21,2025-04-24T15:20:55.1527950Z
1,72,2025-04-24T15:21:00.1646840Z
1,96,2025-04-24T15:21:05.1755810Z
1,6,2025-04-24T15:21:10.1814450Z
1,85,2025-04-24T15:21:15.1940780Z
1,51,2025-04-24T15:21:20.2076400Z
1,38,2025-04-24T15:21:25.2206450Z
1,33,2025-04-24T15:21:30.2330010Z
1,45,2025-04-24T15:21:35.2463310Z
1,17,2025-04-24T15:21:40.2654840Z
1,8,2025-04-24T15:21:45.2755490Z
1,78,2025-04-24T15:21:50.2874610Z
1,22,2025-04-24T15:21:55.3006180Z
1,67,2025-04-24T15:22:00.3114760Z
1,96,2025-04-24T15:22:05.3290200Z
1,80,2025-04-24T15:25:14.9130720Z
1,31,2025-04-24T15:25:19.9260640Z
1,74,2025-04-24T15:25:24.9434090Z
1,86,2025-04-24T15:25:29.9641080Z
1,61,2025-04-24T15:25:34.9760740Z
1,23,2025-04-24T15:25:39.9950910Z
1,78,2025-04-24T15:25:45.0148810Z
1,64,2025-04-24T15:25:50.0287550Z
1,97,2025-04-24T15:25:55.0456400Z
1,28,2025-04-24T15:26:00.8748440Z
1,12,2025-04-24T15:26:05.8921560Z
1,3,2025-04-24T15:26:11.2720690Z
1,22,2025-04-24T15:26:16.2914170Z
1,87,2025-04-24T15:26:21.3083530Z
1,55,2025-04-24T15:26:26.3285330Z
1,40,2025-04-24T15:26:31.3468400Z
1,28,2025-04-24T15:26:40.8047320Z
1,35,2025-04-24T15:26:45.8199540Z
1,5,2025-04-24T15:26:50.8331140Z
1,54,2025-04-24T15:26:55.8437280Z
1,93,2025-04-24T15:27:11.7258210Z
1,45,2025-04-24T15:27:16.7371560Z
1,24,2025-04-24T15:27:21.7486720Z
1,91,2025-04-24T15:27:26.7601860Z
1,19,2025-04-24T15:27:31.7738100Z
1,20,2025-04-24T15:27:36.7864660Z
1,12,2025-04-24T15:27:41.7967550Z
1,3,2025-04-24T15:27:46.8084580Z
1,93,2025-04-24T15:27:51.8196820Z
1,68,2025-04-24T15:27:57.5871610Z
1,60,2025-04-24T15:28:02.5977430Z
1,13,2025-04-24T15:28:07.6059100Z
1,26,2025-04-24T15:28:12.6186460Z
1,42,2025-04-24T15:28:17.6313520Z
1,39,2025-04-24T15:28:22.6438540Z
1,20,2025-04-24T15:28:27.6565190Z
1,43,2025-04-24T15:28:32.6693240Z
1,76,2025-04-24T15:28:37.6816270Z
1,45,2025-04-24T15:28:43.3744190Z
1,95,2025-04-24T15:28:48.3883010Z
1,23,2025-04-24T15:28:53.3996470Z
1,50,2025-04-24T15:28:58.4117470Z
1,35,2025-04-24T15:29:03.4237630Z
1,77,2025-04-24T15:29:08.4367620Z
1,38,2025-04-24T15:29:13.4495470Z
1,32,2025-04-24T15:29:18.4628460Z
1,51,2025-04-24T15:29:23.4746180Z
1,2,2025-04-24T15:29:29.1805650Z
1,24,2025-04-24T15:29:34.1927290Z
1,29,2025-04-24T15:29:39.2031640Z
1,2,2025-04-24T15:29:44.2156560Z
1,48,2025-04-24T15:29:49.2270150Z
1,51,2025-04-24T15:29:54.2399580Z
1,5,2025-04-24T15:29:59.2514460Z
1,29,2025-04-24T15:30:04.2649990Z
1,42,2025-04-24T15:30:09.2779990Z
1,64,2025-04-24T15:30:17.8795740Z
1,64,2025-04-24T15:30:22.8939170Z
1,85,2025-04-24T15:30:27.9082090Z
1,60,2025-04-24T15:30:32.9243460Z
1,49,2025-04-24T15:30:37.9453740Z
1,37,2025-04-24T15:30:42.9628140Z
1,57,2025-04-24T15:30:47.9829270Z
1,35,2025-04-24T15:30:51.9913920Z
1,2,2025-04-24T15:30:57.0031730Z
1,18,2025-04-24T15:31:02.7674620Z
1,97,2025-04-24T15:31:07.7832890Z
1,70,2025-04-24T15:31:12.8003370Z
1,27,2025-04-24T15:31:17.8198370Z
1,25,2025-04-24T15:31:22.8384360Z
1,70,2025-04-24T15:31:27.8600670Z
1,61,2025-04-24T15:31:32.8785900Z
1,37,2025-04-24T15:31:37.8978300Z
1,15,2025-04-24T15:31:42.9181410Z
1,8,2025-04-24T15:31:48.9327280Z
1,22,2025-04-24T15:31:53.9481370Z
1,0,2025-04-24T15:31:58.9666660Z
1,0,2025-04-24T15:32:03.9832360Z
1,94,2025-04-24T15:32:09.7266630Z
1,17,2025-04-24T15:32:14.7467110Z
1,31,2025-04-24T15:32:19.7669610Z
1,10,2025-04-24T15:32:24.7848550Z
1,24,2025-04-24T15:32:29.8041510Z
1,19,2025-04-24T15:32:34.8223690Z
1,62,2025-04-24T15:32:39.8390800Z
1,90,2025-04-24T15:32:44.8583810Z
1,93,2025-04-24T15:32:49.8776360Z
1,16,2025-04-24T15:32:57.6208540Z
1,42,2025-04-24T15:33:02.6335700Z
1,73,2025-04-24T15:33:07.6486920Z
1,97,2025-04-24T15:33:12.6649790Z
1,62,2025-04-24T15:33:17.6824730Z
1,30,2025-04-24T15:33:22.6971110Z
1,82,2025-04-24T15:33:27.7164190Z
1,54,2025-04-24T15:33:32.7351450Z
1,50,2025-04-24T15:33:37.7521360Z
1,78,2025-04-24T15:33:43.5555280Z
1,92,2025-04-24T15:33:48.5756590Z
1,61,2025-04-24T15:33:53.5927730Z
1,84,2025-04-24T15:33:58.6109070Z
1,67,2025-04-24T15:34:03.6273130Z
1,60,2025-04-24T15:34:08.6453260Z
1,21,2025-04-24T15:34:26.3370500Z
1,57,2025-04-24T15:34:31.3557300Z
1,1,2025-04-24T15:34:36.3757810Z
1,5,2025-04-24T15:34:41.3975580Z
1,93,2025-04-24T15:34:46.4092370Z
1,24,2025-04-24T15:34:51.4223380Z
1,2,2025-04-24T15:34:55.4366990Z
1,62,2025-04-24T15:35:00.4536360Z
1,26,2025-04-24T15:35:05.4728670Z
1,69,2025-04-24T15:35:11.2104870Z
1,16,2025-04-24T15:35:16.2305430Z
1,33,2025-04-24T15:35:21.2461250Z
1,52,2025-04-24T15:35:26.2633650Z
1,35,2025-04-24T15:35:31.2821020Z
1,2,2025-04-24T15:35:36.2989030Z
1,80,2025-04-24T15:35:41.3159420Z
1,3,2025-04-24T15:35:46.3309180Z
1,26,2025-04-24T15:35:51.3500430Z
1,29,2025-04-24T15:35:59.0193740Z
1,9,2025-04-24T15:36:04.0362330Z
1,77,2025-04-24T15:36:09.0520240Z
1,62,2025-04-24T15:36:14.0714850Z
1,31,2025-04-24T15:36:19.0864110Z
1,25,2025-04-24T15:36:24.1011420Z
1,75,2025-04-24T15:36:29.1200330Z
1,44,2025-04-24T15:36:34.1411350Z
1,30,2025-04-24T15:36:39.1575780Z
1,15,2025-04-24T15:36:53.3066540Z
1,41,2025-04-24T15:36:58.3254820Z
1,97,2025-04-24T15:37:03.3430410Z
1,10,2025-04-24T15:37:08.3632130Z
1,90,2025-04-24T15:37:13.3840410Z
1,3,2025-04-24T15:37:18.4023710Z
1,4,2025-04-24T15:37:23.4206560Z
1,59,2025-04-24T15:37:28.4388770Z
1,82,2025-04-24T15:37:33.4602040Z
1,10,2025-04-24T15:37:40.9575420Z
1,42,2025-04-24T15:37:45.9752600Z
1,12,2025-04-24T15:37:50.9934490Z
1,20,2025-04-24T15:37:56.0114580Z
1,90,2025-04-24T15:38:01.0305850Z
1,83,2025-04-24T15:38:06.0501270Z
1,68,2025-04-24T15:38:11.0694590Z
1,61,2025-04-24T15:38:16.0854650Z
1,81,2025-04-24T15:38:21.1025660Z
1,50,2025-04-24T15:38:26.8123660Z
1,67,2025-04-24T15:38:31.8295640Z
1,95,2025-04-24T15:38:36.8482940Z
1,45,2025-04-24T15:38:41.8650790Z
1,20,2025-04-24T15:38:46.8808350Z
1,36,2025-04-24T15:38:51.8971260Z
1,14,2025-04-24T15:38:56.9122050Z
1,48,2025-04-24T15:39:01.9304310Z
1,36,2025-04-24T15:39:06.9484050Z
1,5,2025-04-24T15:39:12.7596300Z
1,56,2025-04-24T15:39:17.7763080Z
1,72,2025-04-24T15:39:22.7933380Z
1,18,2025-04-24T15:39:27.8120940Z
1,81,2025-04-24T15:39:32.8317830Z
1,33,2025-04-24T15:39:37.8511420Z
1,20,2025-04-24T15:39:42.8689320Z
1,10,2025-04-24T15:39:47.8874180Z
1,94,2025-04-24T15:39:52.9048210Z
1,24,2025-04-24T15:40:12.5473930Z
1,25,2025-04-24T15:40:17.5632000Z
1,35,2025-04-24T15:40:22.5811450Z
1,71,2025-04-24T15:40:27.5989990Z
1,19,2025-04-24T15:40:32.6170450Z
1,35,2025-04-24T15:40:37.6366320Z
1,83,2025-04-24T15:40:41.6522920Z
1,58,2025-04-24T15:40:46.6712770Z
1,39,2025-04-24T15:40:51.6884840Z
1,20,2025-04-24T15:40:56.7072170Z
1,29,2025-04-24T15:41:02.5142150Z
1,24,2025-04-24T15:41:07.5349560Z
1,82,2025-04-24T15:41:12.5534090Z
1,95,2025-04-24T15:41:17.5704200Z
1,19,2025-04-24T15:41:22.5905550Z
1,90,2025-04-24T15:41:27.6096820Z
1,72,2025-04-24T15:41:32.6283140Z
1,32,2025-04-24T15:41:37.6443560Z
1,0,2025-04-24T15:41:42.6611930Z
1,48,2025-04-24T15:42:01.3902710Z
1,14,2025-04-24T15:42:06.4101430Z
1,44,2025-04-24T15:42:11.4273340Z
1,56,2025-04-24T15:42:16.4475950Z
1,0,2025-04-24T15:42:21.4649190Z
1,67,2025-04-24T15:42:26.4847310Z
1,86,2025-04-24T15:42:31.5040130Z
1,21,2025-04-24T15:42:36.5242050Z
1,37,2025-04-24T15:42:41.5477680Z
1,94,2025-04-24T15:42:47.3370850Z
1,2,2025-04-24T15:42:52.3551290Z
1,14,2025-04-24T15:42:57.3727930Z
1,23,2025-04-24T15:43:02.3909590Z
1,82,2025-04-24T15:43:07.4095940Z
1,59,2025-04-24T15:43:12.4260520Z
1,66,2025-04-24T15:43:17.4418070Z
1,98,2025-04-24T15:43:22.4514570Z
1,78,2025-04-24T15:43:27.4621620Z
